TRUNCATE TABLE LOAN_REPAYMENT;
TRUNCATE TABLE TRANSACTION;
TRUNCATE TABLE CREDIT_RISK_ASSESSMENT;
TRUNCATE TABLE STUDENT_LOAN;
TRUNCATE TABLE BUSINESS_LOAN;
TRUNCATE TABLE PERSONAL_LOAN;
TRUNCATE TABLE LOAN;
TRUNCATE TABLE LOAN_APPLICATION;
TRUNCATE TABLE CARD;
TRUNCATE TABLE CUSTOMER_IN_GROUP;
TRUNCATE TABLE GROUP_ACCOUNT;
TRUNCATE TABLE GROUP_SAVINGS_ACCOUNT;
TRUNCATE TABLE FIXED_DEPOSIT_ACCOUNT;
TRUNCATE TABLE CURRENT_ACCOUNT;
TRUNCATE TABLE SAVINGS_ACCOUNT;
TRUNCATE TABLE ACCOUNT;
TRUNCATE TABLE ACCOUNTANT;
TRUNCATE TABLE IT_STAFF;
TRUNCATE TABLE TELLER;
TRUNCATE TABLE EMPLOYEE;
TRUNCATE TABLE CUSTOM


desc customer;
INSERT INTO CUSTOMER (CUSTOMER_ID, CUSTOMER_NAME, CUSTOMER_LNAME, CUSTOMER_CELLNUM, CUSTOMER_ADDRESS, CUSTOMER_DATE_OF_BIRTH, CUSTOMER_EMAIL, ACTIVE_STATUS) VALUES (1, 'Alice', 'Smith', '0712345678', '123 Main St', DATE '1990-01-01', 'alice.smith@email.com', 'Y');
INSERT INTO CUSTOMER (CUSTOMER_ID, CUSTOMER_NAME, CUSTOMER_LNAME, CUSTOMER_CELLNUM, CUSTOMER_ADDRESS, CUSTOMER_DATE_OF_BIRTH, CUSTOMER_EMAIL, ACTIVE_STATUS) VALUES (2, 'Bob', 'Johnson', '0723456789', '456 Oak Ave', DATE '1985-02-03', 'bob.johnson@email.com', 'Y');
INSERT INTO CUSTOMER (CUSTOMER_ID, CUSTOMER_NAME, CUSTOMER_LNAME, CUSTOMER_CELLNUM, CUSTOMER_ADDRESS, CUSTOMER_DATE_OF_BIRTH, CUSTOMER_EMAIL, ACTIVE_STATUS) VALUES (3, 'Charlie', 'Williams', '0734567890', '789 Pine Ln', DATE '1992-03-15', 'charlie.williams@email.com', 'Y');
INSERT INTO CUSTOMER (CUSTOMER_ID, CUSTOMER_NAME, CUSTOMER_LNAME, CUSTOMER_CELLNUM, CUSTOMER_ADDRESS, CUSTOMER_DATE_OF_BIRTH, CUSTOMER_EMAIL, ACTIVE_STATUS) VALUES (4, 'David', 'Brown', '0745678901', '101 Elm Rd', DATE '1988-04-22', 'david.brown@email.com', 'Y');
INSERT INTO CUSTOMER (CUSTOMER_ID, CUSTOMER_NAME, CUSTOMER_LNAME, CUSTOMER_CELLNUM, CUSTOMER_ADDRESS, CUSTOMER_DATE_OF_BIRTH, CUSTOMER_EMAIL, ACTIVE_STATUS) VALUES (5, 'Emily', 'Davis', '0756789012', '202 Willow St', DATE '1995-05-10', 'emily.davis@email.com', 'Y');
INSERT INTO CUSTOMER (CUSTOMER_ID, CUSTOMER_NAME, CUSTOMER_LNAME, CUSTOMER_CELLNUM, CUSTOMER_ADDRESS, CUSTOMER_DATE_OF_BIRTH, CUSTOMER_EMAIL, ACTIVE_STATUS) VALUES (6, 'Frank', 'Miller', '0767890123', '303 Maple Dr', DATE '1982-06-20', 'frank.miller@email.com', 'Y');
INSERT INTO CUSTOMER (CUSTOMER_ID, CUSTOMER_NAME, CUSTOMER_LNAME, CUSTOMER_CELLNUM, CUSTOMER_ADDRESS, CUSTOMER_DATE_OF_BIRTH, CUSTOMER_EMAIL, ACTIVE_STATUS) VALUES (7, 'Grace', 'Wilson', '0778901234', '404 Oakwood Ave', DATE '1991-07-04', 'grace.wilson@email.com', 'Y');
INSERT INTO CUSTOMER (CUSTOMER_ID, CUSTOMER_NAME, CUSTOMER_LNAME, CUSTOMER_CELLNUM, CUSTOMER_ADDRESS, CUSTOMER_DATE_OF_BIRTH, CUSTOMER_EMAIL, ACTIVE_STATUS) VALUES (8, 'Henry', 'Moore', '0789012345', '505 Pinecrest Rd', DATE '1987-08-12', 'henry.moore@email.com', 'Y');
INSERT INTO CUSTOMER (CUSTOMER_ID, CUSTOMER_NAME, CUSTOMER_LNAME, CUSTOMER_CELLNUM, CUSTOMER_ADDRESS, CUSTOMER_DATE_OF_BIRTH, CUSTOMER_EMAIL, ACTIVE_STATUS) VALUES (9, 'Ivy', 'Taylor', '0790123456', '606 Cedar Ct', DATE '1994-09-28', 'ivy.taylor@email.com', 'Y');
INSERT INTO CUSTOMER (CUSTOMER_ID, CUSTOMER_NAME, CUSTOMER_LNAME, CUSTOMER_CELLNUM, CUSTOMER_ADDRESS, CUSTOMER_DATE_OF_BIRTH, CUSTOMER_EMAIL, ACTIVE_STATUS) VALUES (10, 'Jack', 'Anderson', '0701234567', '707 Birch Ln', DATE '1983-10-30', 'jack.anderson@email.com', 'Y');
select * from customer;

desc account;
INSERT INTO ACCOUNT (ACCOUNT_ID, CUSTOMER_ID, ACCOUNT_NUMBER, BALANCE, OPEN_DATE, ACCOUNT_TYPE, STATUS, MONTHLY_FEE) VALUES (101, 1, 'ACC12345', 1000.00, DATE '2024-01-10', 'Savings', 'Active', 5.00);
INSERT INTO ACCOUNT (ACCOUNT_ID, CUSTOMER_ID, ACCOUNT_NUMBER, BALANCE, OPEN_DATE, ACCOUNT_TYPE, STATUS, MONTHLY_FEE) VALUES (102, 2, 'ACC12346', 2500.50, DATE '2024-01-11', 'Current', 'Active', 10.00);
INSERT INTO ACCOUNT (ACCOUNT_ID, CUSTOMER_ID, ACCOUNT_NUMBER, BALANCE, OPEN_DATE, ACCOUNT_TYPE, STATUS, MONTHLY_FEE) VALUES (103, 3, 'ACC12347', 5000.75, DATE '2024-01-12', 'Savings', 'Active', 5.00);
INSERT INTO ACCOUNT (ACCOUNT_ID, CUSTOMER_ID, ACCOUNT_NUMBER, BALANCE, OPEN_DATE, ACCOUNT_TYPE, STATUS, MONTHLY_FEE) VALUES (104, 4, 'ACC12348', 1250.25, DATE '2024-01-13', 'Current', 'Active', 10.00);
INSERT INTO ACCOUNT (ACCOUNT_ID, CUSTOMER_ID, ACCOUNT_NUMBER, BALANCE, OPEN_DATE, ACCOUNT_TYPE, STATUS, MONTHLY_FEE) VALUES (105, 5, 'ACC12349', 7500.00, DATE '2024-01-14', 'Savings', 'Active', 5.00);
INSERT INTO ACCOUNT (ACCOUNT_ID, CUSTOMER_ID, ACCOUNT_NUMBER, BALANCE, OPEN_DATE, ACCOUNT_TYPE, STATUS, MONTHLY_FEE) VALUES (106, 6, 'ACC12350', 3000.00, DATE '2024-01-15', 'Current', 'Active', 10.00);
INSERT INTO ACCOUNT (ACCOUNT_ID, CUSTOMER_ID, ACCOUNT_NUMBER, BALANCE, OPEN_DATE, ACCOUNT_TYPE, STATUS, MONTHLY_FEE) VALUES (107, 7, 'ACC12351', 9000.00, DATE '2024-01-16', 'Savings', 'Active', 5.00);
INSERT INTO ACCOUNT (ACCOUNT_ID, CUSTOMER_ID, ACCOUNT_NUMBER, BALANCE, OPEN_DATE, ACCOUNT_TYPE, STATUS, MONTHLY_FEE) VALUES (108, 8, 'ACC12352', 1800.00, DATE '2024-01-17', 'Current', 'Active', 10.00);
INSERT INTO ACCOUNT (ACCOUNT_ID, CUSTOMER_ID, ACCOUNT_NUMBER, BALANCE, OPEN_DATE, ACCOUNT_TYPE, STATUS, MONTHLY_FEE) VALUES (109, 9, 'ACC12353', 6000.00, DATE '2024-01-18', 'Savings', 'Active', 5.00);
INSERT INTO ACCOUNT (ACCOUNT_ID, CUSTOMER_ID, ACCOUNT_NUMBER, BALANCE, OPEN_DATE, ACCOUNT_TYPE, STATUS, MONTHLY_FEE) VALUES (110, 10, 'ACC12354', 4200.00, DATE '2024-01-19', 'Current', 'Active', 10.00);
select * from account;


desc savings_account;
INSERT INTO SAVINGS_ACCOUNT (ACCOUNT_ID, INTEREST_RATE, WITHDRAWAL_LIMIT, SAVINGS_ACC_TYPE) VALUES (101, 0.02, 500.00, 'Regular');
INSERT INTO SAVINGS_ACCOUNT (ACCOUNT_ID, INTEREST_RATE, WITHDRAWAL_LIMIT, SAVINGS_ACC_TYPE) VALUES (103, 0.025, 1000.00, 'Premium');
INSERT INTO SAVINGS_ACCOUNT (ACCOUNT_ID, INTEREST_RATE, WITHDRAWAL_LIMIT, SAVINGS_ACC_TYPE) VALUES (105, 0.03, 2000.00, 'Gold');
INSERT INTO SAVINGS_ACCOUNT (ACCOUNT_ID, INTEREST_RATE, WITHDRAWAL_LIMIT, SAVINGS_ACC_TYPE) VALUES (107, 0.02, 500.00, 'Regular');
INSERT INTO SAVINGS_ACCOUNT (ACCOUNT_ID, INTEREST_RATE, WITHDRAWAL_LIMIT, SAVINGS_ACC_TYPE) VALUES (109, 0.025, 1000.00, 'Premium');
select * from savings_account;


desc current_account;
INSERT INTO CURRENT_ACCOUNT (ACCOUNT_ID, OVERDRAFT_LIMIT) VALUES (102, 1000.00);
INSERT INTO CURRENT_ACCOUNT (ACCOUNT_ID, OVERDRAFT_LIMIT) VALUES (104, 500.00);
INSERT INTO CURRENT_ACCOUNT (ACCOUNT_ID, OVERDRAFT_LIMIT) VALUES (106, 1500.00);
INSERT INTO CURRENT_ACCOUNT (ACCOUNT_ID, OVERDRAFT_LIMIT) VALUES (108, 750.00);
INSERT INTO CURRENT_ACCOUNT (ACCOUNT_ID, OVERDRAFT_LIMIT) VALUES (110, 1200.00);
select * from current_account;

SELECT value FROM NLS_SESSION_PARAMETERS WHERE parameter = 'NLS_DATE_FORMAT';

desc transaction;
INSERT INTO TRANSACTION (TRANSACTION_ID, ACCOUNT_ID, TRANSACTION_TIME, TRANSACTION_TYPE, TRANSACTION_AMOUNT, TRANSACTION_DATE) VALUES (201, 101, TO_DATE('10:00:00', 'HH24:MI:SS'), 'Deposit', 500.00, TO_DATE('10-JAN-24', 'DD-MON-RR'));
INSERT INTO TRANSACTION (TRANSACTION_ID, ACCOUNT_ID, TRANSACTION_TIME, TRANSACTION_TYPE, TRANSACTION_AMOUNT, TRANSACTION_DATE) VALUES (202, 102, TO_DATE('11:00:00', 'HH24:MI:SS'), 'Withdrawal', 200.00, TO_DATE('11-JAN-24', 'DD-MON-RR'));
INSERT INTO TRANSACTION (TRANSACTION_ID, ACCOUNT_ID, TRANSACTION_TIME, TRANSACTION_TYPE, TRANSACTION_AMOUNT, TRANSACTION_DATE) VALUES (203, 103, TO_DATE('12:00:00', 'HH24:MI:SS'), 'Deposit', 1000.00, TO_DATE('12-JAN-24', 'DD-MON-RR'));
INSERT INTO TRANSACTION (TRANSACTION_ID, ACCOUNT_ID, TRANSACTION_TIME, TRANSACTION_TYPE, TRANSACTION_AMOUNT, TRANSACTION_DATE) VALUES (204, 104, TO_DATE('13:00:00', 'HH24:MI:SS'), 'Withdrawal', 100.00, TO_DATE('13-JAN-24', 'DD-MON-RR'));
INSERT INTO TRANSACTION (TRANSACTION_ID, ACCOUNT_ID, TRANSACTION_TIME, TRANSACTION_TYPE, TRANSACTION_AMOUNT, TRANSACTION_DATE) VALUES (205, 105, TO_DATE('14:00:00', 'HH24:MI:SS'), 'Deposit', 2000.00, TO_DATE('14-JAN-24', 'DD-MON-RR'));
INSERT INTO TRANSACTION (TRANSACTION_ID, ACCOUNT_ID, TRANSACTION_TIME, TRANSACTION_TYPE, TRANSACTION_AMOUNT, TRANSACTION_DATE) VALUES (206, 106, TO_DATE('15:00:00', 'HH24:MI:SS'), 'Withdrawal', 500.00, TO_DATE('15-JAN-24', 'DD-MON-RR'));
INSERT INTO TRANSACTION (TRANSACTION_ID, ACCOUNT_ID, TRANSACTION_TIME, TRANSACTION_TYPE, TRANSACTION_AMOUNT, TRANSACTION_DATE) VALUES (207, 107, TO_DATE('16:00:00', 'HH24:MI:SS'), 'Deposit', 3000.00, TO_DATE('16-JAN-24', 'DD-MON-RR'));
INSERT INTO TRANSACTION (TRANSACTION_ID, ACCOUNT_ID, TRANSACTION_TIME, TRANSACTION_TYPE, TRANSACTION_AMOUNT, TRANSACTION_DATE) VALUES (208, 108, TO_DATE('17:00:00', 'HH24:MI:SS'), 'Withdrawal', 200.00, TO_DATE('17-JAN-24', 'DD-MON-RR'));
INSERT INTO TRANSACTION (TRANSACTION_ID, ACCOUNT_ID, TRANSACTION_TIME, TRANSACTION_TYPE, TRANSACTION_AMOUNT, TRANSACTION_DATE) VALUES (209, 109, TO_DATE('18:00:00', 'HH24:MI:SS'), 'Deposit', 1000.00, TO_DATE('18-JAN-24', 'DD-MON-RR'));
INSERT INTO TRANSACTION (TRANSACTION_ID, ACCOUNT_ID, TRANSACTION_TIME, TRANSACTION_TYPE, TRANSACTION_AMOUNT, TRANSACTION_DATE) VALUES (210, 110, TO_DATE('19:00:00', 'HH24:MI:SS'), 'Withdrawal', 300.00, TO_DATE('19-JAN-24', 'DD-MON-RR'));
SELECT * FROM TRANSACTION;

desc card;
--
INSERT INTO CARD (CARD_ID, ACCOUNT_ID, CARD_NUMBER, EXPIRY_DATE, ISSUE_DATE, CARD_PIN, CVV_EVC) VALUES (301, 101, '1234567890123456', DATE '2026-01-10', DATE '2024-01-10', '1234', '123');
INSERT INTO CARD (CARD_ID, ACCOUNT_ID, CARD_NUMBER, EXPIRY_DATE, ISSUE_DATE, CARD_PIN, CVV_EVC) VALUES (302, 102, '2345678901234567', DATE '2026-01-11', DATE '2024-01-11', '2345', '234');
INSERT INTO CARD (CARD_ID, ACCOUNT_ID, CARD_NUMBER, EXPIRY_DATE, ISSUE_DATE, CARD_PIN, CVV_EVC) VALUES (303, 103, '3456789012345678', DATE '2026-01-12', DATE '2024-01-12', '3456', '345');
INSERT INTO CARD (CARD_ID, ACCOUNT_ID, CARD_NUMBER, EXPIRY_DATE, ISSUE_DATE, CARD_PIN, CVV_EVC) VALUES (304, 104, '4567890123456789', DATE '2026-01-13', DATE '2024-01-13', '4567', '456');
INSERT INTO CARD (CARD_ID, ACCOUNT_ID, CARD_NUMBER, EXPIRY_DATE, ISSUE_DATE, CARD_PIN, cvv_evc) VALUES (305, 105, '5678901234567890', DATE '2026-01-14', DATE '2024-01-14', '5678', '567');
INSERT INTO CARD (CARD_ID, ACCOUNT_ID, CARD_NUMBER, EXPIRY_DATE, ISSUE_DATE, CARD_PIN, CVV_EVC) VALUES (306, 106, '6789012345678901', DATE '2026-01-15', DATE '2024-01-15', '6789', '678');
INSERT INTO CARD (CARD_ID, ACCOUNT_ID, CARD_NUMBER, EXPIRY_DATE, ISSUE_DATE, CARD_PIN, CVV_EVC) VALUES (307, 107, '7890123456789012', DATE '2026-01-16', DATE '2024-01-16', '7890', '789');
INSERT INTO CARD (CARD_ID, ACCOUNT_ID, CARD_NUMBER, EXPIRY_DATE, ISSUE_DATE, CARD_PIN, CVV_EVC) VALUES (308, 108, '8901234567890123', DATE '2026-01-17', DATE '2024-01-17', '9012', '901');
INSERT INTO CARD (CARD_ID, ACCOUNT_ID, CARD_NUMBER, EXPIRY_DATE, ISSUE_DATE, CARD_PIN, CVV_EVC) VALUES (309, 109, '9012345678901234', DATE '2026-01-18', DATE '2024-01-18', '0123', '012');
INSERT INTO CARD (CARD_ID, ACCOUNT_ID, CARD_NUMBER, EXPIRY_DATE, ISSUE_DATE, CARD_PIN, CVV_EVC) VALUES (310, 110, '0123456789012345', DATE '2026-01-19', DATE '2024-01-19', '1234', '123');
SELECT * FROM CARD;

DESC GROUP_ACCOUNT;
INSERT INTO GROUP_ACCOUNT (GROUP_ID, ACCOUNT_ID, GROUP_NAME, JOINING_DATE, LEADER_NAME) VALUES (401, 101,'Alpha', DATE '2023-01-05', 'Alice Smith');
INSERT INTO GROUP_ACCOUNT (GROUP_ID, ACCOUNT_ID,GROUP_NAME, JOINING_DATE, LEADER_NAME) VALUES (402, 102, 'Beta', DATE '2023-02-10', 'Bob Johnson');
INSERT INTO GROUP_ACCOUNT (GROUP_ID, ACCOUNT_ID, GROUP_NAME, JOINING_DATE, LEADER_NAME) VALUES (403, 103, 'Gamma', DATE '2023-03-15', 'Charlie Williams');
INSERT INTO GROUP_ACCOUNT (GROUP_ID, ACCOUNT_ID, GROUP_NAME, JOINING_DATE, LEADER_NAME) VALUES (404, 104, 'Delta', DATE '2023-04-20', 'David Brown');
INSERT INTO GROUP_ACCOUNT (GROUP_ID, ACCOUNT_ID, GROUP_NAME, JOINING_DATE, LEADER_NAME) VALUES (405, 105, 'Epsilon', DATE '2023-05-25', 'Emily Davis');
INSERT INTO GROUP_ACCOUNT (GROUP_ID, ACCOUNT_ID, GROUP_NAME, JOINING_DATE, LEADER_NAME) VALUES (406, 105, 'Zeta', DATE '2023-06-30', 'Frank Miller');
INSERT INTO GROUP_ACCOUNT (GROUP_ID, ACCOUNT_ID, GROUP_NAME, JOINING_DATE, LEADER_NAME) VALUES (407, 105, 'Eta', DATE '2023-07-05', 'Grace Wilson');
INSERT INTO GROUP_ACCOUNT (GROUP_ID, ACCOUNT_ID, GROUP_NAME, JOINING_DATE, LEADER_NAME) VALUES (408, 106, 'Theta', DATE '2023-08-10', 'Henry Moore');
INSERT INTO GROUP_ACCOUNT (GROUP_ID, ACCOUNT_ID, GROUP_NAME, JOINING_DATE, LEADER_NAME) VALUES (409, 107, 'Iota', DATE '2023-09-15', 'Ivy Taylor');
INSERT INTO GROUP_ACCOUNT (GROUP_ID, ACCOUNT_ID, GROUP_NAME, JOINING_DATE, LEADER_NAME) VALUES (410, 108, 'Kappa', DATE '2023-10-20', 'Jack Anderson');

SELECT * FROM GROUP_ACCOUNT;

DESC CUSTOMER_IN_GROUP;
INSERT INTO CUSTOMER_IN_GROUP (GROUP_ID, CUSTOMER_ID, MEMBER_ROLE) VALUES (401, 1, 'Member');
INSERT INTO CUSTOMER_IN_GROUP (GROUP_ID, CUSTOMER_ID, MEMBER_ROLE) VALUES (401, 2, 'Member');
INSERT INTO CUSTOMER_IN_GROUP (GROUP_ID, CUSTOMER_ID, MEMBER_ROLE) VALUES (402, 3, 'Leader');
INSERT INTO CUSTOMER_IN_GROUP (GROUP_ID, CUSTOMER_ID, MEMBER_ROLE) VALUES (402, 4, 'Member');
INSERT INTO CUSTOMER_IN_GROUP (GROUP_ID, CUSTOMER_ID, MEMBER_ROLE) VALUES (403, 5, 'Member');
INSERT INTO CUSTOMER_IN_GROUP (GROUP_ID, CUSTOMER_ID, MEMBER_ROLE) VALUES (403, 6, 'Member');
INSERT INTO CUSTOMER_IN_GROUP (GROUP_ID, CUSTOMER_ID, MEMBER_ROLE) VALUES (404, 7, 'Member');
INSERT INTO CUSTOMER_IN_GROUP (GROUP_ID, CUSTOMER_ID, MEMBER_ROLE) VALUES (404, 8, 'Leader');
INSERT INTO CUSTOMER_IN_GROUP (GROUP_ID, CUSTOMER_ID, MEMBER_ROLE) VALUES (405, 9, 'Member');
INSERT INTO CUSTOMER_IN_GROUP (GROUP_ID, CUSTOMER_ID, MEMBER_ROLE) VALUES (405, 10, 'Member');

SELECT * FROM LOAN_APPLICATION;

DESC LOAN_APPLICATION;
INSERT INTO LOAN_APPLICATION (APPLICATION_ID, CUSTOMER_ID, LOAN_TYPE, PURPOSE_OF_LOAN, APPLICATION_STATUS) VALUES (501, 1, 'Personal', 'Home Improvement', 'A');
INSERT INTO LOAN_APPLICATION (APPLICATION_ID, CUSTOMER_ID, LOAN_TYPE, PURPOSE_OF_LOAN, APPLICATION_STATUS) VALUES (502, 2, 'Business', 'Expansion', 'P');
INSERT INTO LOAN_APPLICATION (APPLICATION_ID, CUSTOMER_ID, LOAN_TYPE, PURPOSE_OF_LOAN, APPLICATION_STATUS) VALUES (503, 3, 'Student', 'Tuition', 'A');
INSERT INTO LOAN_APPLICATION (APPLICATION_ID, CUSTOMER_ID, LOAN_TYPE, PURPOSE_OF_LOAN, APPLICATION_STATUS) VALUES (504, 4, 'Personal', 'Debt Consolidation', 'D');
INSERT INTO LOAN_APPLICATION (APPLICATION_ID, CUSTOMER_ID, LOAN_TYPE, PURPOSE_OF_LOAN, APPLICATION_STATUS) VALUES (505, 5, 'Business', 'Equipment Purchase', 'A');
INSERT INTO LOAN_APPLICATION (APPLICATION_ID, CUSTOMER_ID, LOAN_TYPE, PURPOSE_OF_LOAN, APPLICATION_STATUS) VALUES (506, 6, 'Student', 'Books and Supplies', 'P');
INSERT INTO LOAN_APPLICATION (APPLICATION_ID, CUSTOMER_ID, LOAN_TYPE, PURPOSE_OF_LOAN, APPLICATION_STATUS) VALUES (507, 7, 'Personal', 'Medical Expenses', 'A');
INSERT INTO LOAN_APPLICATION (APPLICATION_ID, CUSTOMER_ID, LOAN_TYPE, PURPOSE_OF_LOAN, APPLICATION_STATUS) VALUES (508, 8, 'Business', 'Working Capital', 'D');
INSERT INTO LOAN_APPLICATION (APPLICATION_ID, CUSTOMER_ID, LOAN_TYPE, PURPOSE_OF_LOAN, APPLICATION_STATUS) VALUES (509, 9, 'Student', 'Accommodation', 'A');
INSERT INTO LOAN_APPLICATION (APPLICATION_ID, CUSTOMER_ID, LOAN_TYPE, PURPOSE_OF_LOAN, APPLICATION_STATUS) VALUES (510, 10, 'Personal', 'Car Purchase', 'P');
SELECT * FROM LOAN_APPLICATION;

DESC LOAN;
INSERT INTO LOAN (LOAN_ID, APPLICATION_ID, CUSTOMER_ID, INITIAL_LOAN_AMOUNT, INTEREST_RATE, LOAN_TERM, DISBURSEMENT_DATE, REPAYMENT_FREQUENCY, OUTSTANDING_AMOUNT) VALUES (601, 501, 1, 10000.00, 0.05, 36, DATE '2024-02-01', 'Monthly', 8000.00);
INSERT INTO LOAN (LOAN_ID, APPLICATION_ID, CUSTOMER_ID, INITIAL_LOAN_AMOUNT, INTEREST_RATE, LOAN_TERM, DISBURSEMENT_DATE, REPAYMENT_FREQUENCY, OUTSTANDING_AMOUNT) VALUES (602, 503, 3, 5000.00, 0.03, 24, DATE '2024-02-15', 'Quarterly', 3000.00);
INSERT INTO LOAN (LOAN_ID, APPLICATION_ID, CUSTOMER_ID, INITIAL_LOAN_AMOUNT, INTEREST_RATE, LOAN_TERM, DISBURSEMENT_DATE, REPAYMENT_FREQUENCY, OUTSTANDING_AMOUNT) VALUES (603, 505, 5, 20000.00, 0.07, 48, DATE '2024-03-01', 'Monthly', 15000.00);
INSERT INTO LOAN (LOAN_ID, APPLICATION_ID, CUSTOMER_ID, INITIAL_LOAN_AMOUNT, INTEREST_RATE, LOAN_TERM, DISBURSEMENT_DATE, REPAYMENT_FREQUENCY, OUTSTANDING_AMOUNT) VALUES (100000002, 507, 7, 7500.00, 0.04, 12, DATE '2024-03-15', 'Monthly', 2500.00);
INSERT INTO LOAN (LOAN_ID, APPLICATION_ID, CUSTOMER_ID, INITIAL_LOAN_AMOUNT, INTEREST_RATE, LOAN_TERM, DISBURSEMENT_DATE, REPAYMENT_FREQUENCY, OUTSTANDING_AMOUNT) VALUES (100000001, 509, 9, 12000.00, 0.06, 36, DATE '2024-04-01', 'Quarterly', 9000.00);
SELECT * FROM LOAN;

DESC CREDIT_RISK_ASSESSMENT;
INSERT INTO CREDIT_RISK_ASSESSMENT (ASSESSMENT_ID, CUSTOMER_ID, APPLICATION_ID, LASTASSESSMENT_DATE, CREDIT_SCORE, RISK_LEVEL) VALUES (701, 1, 501, DATE '2024-01-25', 720, 'Low');
INSERT INTO CREDIT_RISK_ASSESSMENT (ASSESSMENT_ID, CUSTOMER_ID, APPLICATION_ID, LASTASSESSMENT_DATE, CREDIT_SCORE, RISK_LEVEL) VALUES (702, 2, 502, DATE '2024-01-26', 650, 'Medium');
INSERT INTO CREDIT_RISK_ASSESSMENT (ASSESSMENT_ID, CUSTOMER_ID, APPLICATION_ID, LASTASSESSMENT_DATE, CREDIT_SCORE, RISK_LEVEL) VALUES (703, 3, 503, DATE '2024-01-27', 780, 'Low');
INSERT INTO CREDIT_RISK_ASSESSMENT (ASSESSMENT_ID, CUSTOMER_ID, APPLICATION_ID, LASTASSESSMENT_DATE, CREDIT_SCORE, RISK_LEVEL) VALUES (704, 4, 504, DATE '2024-01-28', 590, 'High');
INSERT INTO CREDIT_RISK_ASSESSMENT (ASSESSMENT_ID, CUSTOMER_ID, APPLICATION_ID, LASTASSESSMENT_DATE, CREDIT_SCORE, RISK_LEVEL) VALUES (705, 5, 505, DATE '2024-01-29', 700, 'Medium');
INSERT INTO CREDIT_RISK_ASSESSMENT (ASSESSMENT_ID, CUSTOMER_ID, APPLICATION_ID, LASTASSESSMENT_DATE, CREDIT_SCORE, RISK_LEVEL) VALUES (706, 6, 506, DATE '2024-01-30', 620, 'Medium');
INSERT INTO CREDIT_RISK_ASSESSMENT (ASSESSMENT_ID, CUSTOMER_ID, APPLICATION_ID, LASTASSESSMENT_DATE, CREDIT_SCORE, RISK_LEVEL) VALUES (707, 7, 507, DATE '2024-01-31', 750, 'Low');
INSERT INTO CREDIT_RISK_ASSESSMENT (ASSESSMENT_ID, CUSTOMER_ID, APPLICATION_ID, LASTASSESSMENT_DATE, CREDIT_SCORE, RISK_LEVEL) VALUES (708, 8, 508, DATE '2024-02-01', 610, 'High');
INSERT INTO CREDIT_RISK_ASSESSMENT (ASSESSMENT_ID, CUSTOMER_ID, APPLICATION_ID, LASTASSESSMENT_DATE, CREDIT_SCORE, RISK_LEVEL) VALUES (709, 9, 509, DATE '2024-02-02', 680, 'Medium');
INSERT INTO CREDIT_RISK_ASSESSMENT (ASSESSMENT_ID, CUSTOMER_ID, APPLICATION_ID, LASTASSESSMENT_DATE, CREDIT_SCORE, RISK_LEVEL) VALUES (710, 10, 510, DATE '2024-02-03', 690, 'Medium');
SELECT * FROM CREDIT_RISK_ASSESSMENT;

DESC LOAN_REPAYMENT;
--SELECT * FROM LOAN_REPAYMENT;

SELECT TRANSACTION_ID FROM TRANSACTION WHERE TRANSACTION_ID IN (201, 203, 205, 207, 209, 202, 204, 206, 208, 210);
SELECT LOAN_ID FROM LOAN WHERE LOAN_ID IN (601, 602, 603, 604, 605);

INSERT INTO LOAN_REPAYMENT (REPAYMENT_ID, TRANSACTION_ID, LOAN_ID, PAYMENT_DATE, PAYMENT_AMOUNT, PAYMENT_METHOD) VALUES (801, 201, 601, DATE '2024-03-01', 1000.00, 'Cash');
INSERT INTO LOAN_REPAYMENT (REPAYMENT_ID, TRANSACTION_ID, LOAN_ID, PAYMENT_DATE, PAYMENT_AMOUNT, PAYMENT_METHOD) VALUES (802, 203, 602, DATE '2024-04-15', 1500.00, 'Cheque');
INSERT INTO LOAN_REPAYMENT (REPAYMENT_ID, TRANSACTION_ID, LOAN_ID, PAYMENT_DATE, PAYMENT_AMOUNT, PAYMENT_METHOD) VALUES (803, 205, 601, DATE '2024-04-01', 1000.00, 'Bank Transfer');
INSERT INTO LOAN_REPAYMENT (REPAYMENT_ID, TRANSACTION_ID, LOAN_ID, PAYMENT_DATE, PAYMENT_AMOUNT, PAYMENT_METHOD) VALUES (804, 207, 603, DATE '2024-05-01', 2000.00, 'Cash');
INSERT INTO LOAN_REPAYMENT (REPAYMENT_ID, TRANSACTION_ID, LOAN_ID, PAYMENT_DATE, PAYMENT_AMOUNT, PAYMENT_METHOD) VALUES (805, 209, 604, DATE '2024-06-15', 750.00, 'Cheque');
INSERT INTO LOAN_REPAYMENT (REPAYMENT_ID, TRANSACTION_ID, LOAN_ID, PAYMENT_DATE, PAYMENT_AMOUNT, PAYMENT_METHOD) VALUES (806, 202, 605, DATE '2024-05-01', 1200.00, 'Bank Transfer');
INSERT INTO LOAN_REPAYMENT (REPAYMENT_ID, TRANSACTION_ID, LOAN_ID, PAYMENT_DATE, PAYMENT_AMOUNT, PAYMENT_METHOD) VALUES (807, 204, 601, DATE '2024-05-01', 1000.00, 'Cash');
INSERT INTO LOAN_REPAYMENT (REPAYMENT_ID, TRANSACTION_ID, LOAN_ID, PAYMENT_DATE, PAYMENT_AMOUNT, PAYMENT_METHOD) VALUES (808, 206, 602, DATE '2024-06-15', 1500.00, 'Cheque');
INSERT INTO LOAN_REPAYMENT (REPAYMENT_ID, TRANSACTION_ID, LOAN_ID, PAYMENT_DATE, PAYMENT_AMOUNT, PAYMENT_METHOD) VALUES (809, 208, 603, DATE '2024-06-01', 2000.00, 'Bank Transfer');
INSERT INTO LOAN_REPAYMENT (REPAYMENT_ID, TRANSACTION_ID, LOAN_ID, PAYMENT_DATE, PAYMENT_AMOUNT, PAYMENT_METHOD) VALUES (810, 210, 604, DATE '2024-07-15', 750.00, 'Cash');
select * from loan_repayment;

DESC STUDENT_LOAN;
INSERT INTO STUDENT_LOAN (LOAN_ID, REGISTRATION_STATUS, ACADEMIC_YEAR, INSTITUTION_NAME, STUDENT_NUM, ACADEMIC_AVERAGE, SUBJECT_NAME) VALUES (603, 'Full-time', '2023', 'University A', 'STU123', 85.5, 'John Doe');
INSERT INTO STUDENT_LOAN (LOAN_ID, REGISTRATION_STATUS, ACADEMIC_YEAR, INSTITUTION_NAME, STUDENT_NUM, ACADEMIC_AVERAGE, SUBJECT_NAME) VALUES (605, 'Part-time', '2024', 'College B', 'STU456', 78.2, 'Jane Smith');
INSERT INTO STUDENT_LOAN (LOAN_ID, REGISTRATION_STATUS, ACADEMIC_YEAR, INSTITUTION_NAME, STUDENT_NUM, ACADEMIC_AVERAGE, SUBJECT_NAME) 
VALUES (100000001, 'registered', '2023', 'University of North West', 'STU123456', 85.6, 'Mathematics');
INSERT INTO STUDENT_LOAN (LOAN_ID, REGISTRATION_STATUS, ACADEMIC_YEAR, INSTITUTION_NAME, STUDENT_NUM, ACADEMIC_AVERAGE, SUBJECT_NAME) 
VALUES (100000002, 'registered', '2023', 'University of Cape Town', 'STU123457', 88.2, 'Physics');
SELECT * FROM STUDENT_LOAN;

DESC BUSINESS_LOAN;
INSERT INTO BUSINESS_LOAN (LOAN_ID, BUSINESS_NAME, BUSINESS_REGISTRATION_NUM, BUSINESS_TYPE) VALUES (602, 'ABC Corp', 'BR123', 'Retail');
INSERT INTO BUSINESS_LOAN (LOAN_ID, BUSINESS_NAME, BUSINESS_REGISTRATION_NUM, BUSINESS_TYPE) VALUES (604, 'XYZ Inc', 'BR456', 'Manufacturing');
select * from business_loan;

DESC PERSONAL_LOAN;
INSERT INTO PERSONAL_LOAN (LOAN_ID, EMPLOYMENT_STATUS, MONTHLY_INCOME, LOAN_PURPOSE) VALUES (601, 'Employed', 5000.00, 'Home Improvement');
INSERT INTO PERSONAL_LOAN (LOAN_ID, EMPLOYMENT_STATUS, MONTHLY_INCOME, LOAN_PURPOSE) VALUES (605, 'Self-Employed', 7000.00, 'Car Purchase');
select* from personal_loan;

DESC EMPLOYEE;
INSERT INTO EMPLOYEE (EMPLOYEE_ID, EMP_FNAME, EMP_LNAME, EMP_EMAIL, EMP_CELLNUM, EMP_ADDRESS, EMP_DATE_OF_HIRE, EMP_TYPE) VALUES (901, 'Michael', 'Clark', 'michael.clark@bank.com', '0711111111', '100 Broadway', DATE '2020-01-01', 'Teller');
INSERT INTO EMPLOYEE (EMPLOYEE_ID, EMP_FNAME, EMP_LNAME, EMP_EMAIL, EMP_CELLNUM, EMP_ADDRESS, EMP_DATE_OF_HIRE, EMP_TYPE) VALUES (902, 'Sophia', 'Rodriguez', 'sophia.rodriguez@bank.com', '0722222222', '200 Market St', DATE '2019-05-15', 'Accountant');
INSERT INTO EMPLOYEE (EMPLOYEE_ID, EMP_FNAME, EMP_LNAME, EMP_EMAIL, EMP_CELLNUM, EMP_ADDRESS, EMP_DATE_OF_HIRE, EMP_TYPE) VALUES (903, 'Ethan', 'Lee', 'ethan.lee@bank.com', '0733333333', '300 Main St', DATE '2021-02-28', 'IT Staff');
INSERT INTO EMPLOYEE (EMPLOYEE_ID, EMP_FNAME, EMP_LNAME, EMP_EMAIL, EMP_CELLNUM, EMP_ADDRESS, EMP_DATE_OF_HIRE, EMP_TYPE) VALUES (904, 'Ava', 'Perez', 'ava.perez@bank.com', '0744444444', '400 Oak Ave', DATE '2022-03-10', 'Teller');
INSERT INTO EMPLOYEE (EMPLOYEE_ID, EMP_FNAME, EMP_LNAME, EMP_EMAIL, EMP_CELLNUM, EMP_ADDRESS, EMP_DATE_OF_HIRE, EMP_TYPE) VALUES (905, 'Liam', 'Thompson', 'liam.thompson@bank.com', '0755555555', '500 Pine Ln', DATE '2023-04-01', 'Accountant');
INSERT INTO EMPLOYEE (EMPLOYEE_ID, EMP_FNAME, EMP_LNAME, EMP_EMAIL, EMP_CELLNUM, EMP_ADDRESS, EMP_DATE_OF_HIRE, EMP_TYPE) VALUES (906, 'Mia', 'Hall', 'mia.hall@bank.com', '0766666666', '600 Elm Rd', DATE '2020-05-20', 'IT Staff');
INSERT INTO EMPLOYEE (EMPLOYEE_ID, EMP_FNAME, EMP_LNAME, EMP_EMAIL, EMP_CELLNUM, EMP_ADDRESS, EMP_DATE_OF_HIRE, EMP_TYPE) VALUES (907, 'Noah', 'Young', 'noah.young@bank.com', '0777777777', '700 Willow St', DATE '2019-06-30', 'Teller');
INSERT INTO EMPLOYEE (EMPLOYEE_ID, EMP_FNAME, EMP_LNAME, EMP_EMAIL, EMP_CELLNUM, EMP_ADDRESS, EMP_DATE_OF_HIRE, EMP_TYPE) VALUES (908, 'Isabella', 'Allen', 'isabella.allen@bank.com', '0788888888', '800 Maple Dr', DATE '2021-07-15', 'Accountant');
INSERT INTO EMPLOYEE (EMPLOYEE_ID, EMP_FNAME, EMP_LNAME, EMP_EMAIL, EMP_CELLNUM, EMP_ADDRESS, EMP_DATE_OF_HIRE, EMP_TYPE) VALUES (909, 'Jackson', 'Wright', 'jackson.wright@bank.com', '0799999999', '900 Oakwood Ave', DATE '2022-08-01', 'IT Staff');
INSERT INTO EMPLOYEE (EMPLOYEE_ID, EMP_FNAME, EMP_LNAME, EMP_EMAIL, EMP_CELLNUM, EMP_ADDRESS, EMP_DATE_OF_HIRE, EMP_TYPE) VALUES (910, 'Aria', 'King', 'aria.king@bank.com', '0700000000', '1000 Pinecrest Rd', DATE '2023-09-10', 'Teller');
select * from employee;